location,date,new_cases,new_deaths
Norway,2020-01-05,0.0,0.0
Norway,2020-01-06,0.0,0.0
Norway,2020-01-07,0.0,0.0
Norway,2020-01-08,0.0,0.0
Norway,2020-01-09,0.0,0.0
Norway,2020-01-10,0.0,0.0
Norway,2020-01-11,0.0,0.0
Norway,2020-01-12,0.0,0.0
Norway,2020-01-13,0.0,0.0
Norway,2020-01-14,0.0,0.0
Norway,2020-01-15,0.0,0.0
Norway,2020-01-16,0.0,0.0
Norway,2020-01-17,0.0,0.0
Norway,2020-01-18,0.0,0.0
Norway,2020-01-19,0.0,0.0
Norway,2020-01-20,0.0,0.0
Norway,2020-01-21,0.0,0.0
Norway,2020-01-22,0.0,0.0
Norway,2020-01-23,0.0,0.0
Norway,2020-01-24,0.0,0.0
Norway,2020-01-25,0.0,0.0
Norway,2020-01-26,0.0,0.0
Norway,2020-01-27,0.0,0.0
Norway,2020-01-28,0.0,0.0
Norway,2020-01-29,0.0,0.0
Norway,2020-01-30,0.0,0.0
Norway,2020-01-31,0.0,0.0
Norway,2020-02-01,0.0,0.0
Norway,2020-02-02,0.0,0.0
Norway,2020-02-03,0.0,0.0
Norway,2020-02-04,0.0,0.0
Norway,2020-02-05,0.0,0.0
Norway,2020-02-06,0.0,0.0
Norway,2020-02-07,0.0,0.0
Norway,2020-02-08,0.0,0.0
Norway,2020-02-09,0.0,0.0
Norway,2020-02-10,0.0,0.0
Norway,2020-02-11,0.0,0.0
Norway,2020-02-12,0.0,0.0
Norway,2020-02-13,0.0,0.0
Norway,2020-02-14,0.0,0.0
Norway,2020-02-15,0.0,0.0
Norway,2020-02-16,0.0,0.0
Norway,2020-02-17,0.0,0.0
Norway,2020-02-18,0.0,0.0
Norway,2020-02-19,0.0,0.0
Norway,2020-02-20,0.0,0.0
Norway,2020-02-21,0.0,0.0
Norway,2020-02-22,0.0,0.0
Norway,2020-02-23,1.0,0.0
Norway,2020-02-24,0.0,0.0
Norway,2020-02-25,0.0,0.0
Norway,2020-02-26,0.0,0.0
Norway,2020-02-27,0.0,0.0
Norway,2020-02-28,0.0,0.0
Norway,2020-02-29,0.0,0.0
Norway,2020-03-01,20.0,0.0
Norway,2020-03-02,0.0,0.0
Norway,2020-03-03,0.0,0.0
Norway,2020-03-04,0.0,0.0
Norway,2020-03-05,0.0,0.0
Norway,2020-03-06,0.0,0.0
Norway,2020-03-07,0.0,0.0
Norway,2020-03-08,162.0,0.0
Norway,2020-03-09,0.0,0.0
Norway,2020-03-10,0.0,0.0
Norway,2020-03-11,0.0,0.0
Norway,2020-03-12,0.0,0.0
Norway,2020-03-13,0.0,0.0
Norway,2020-03-14,0.0,0.0
Norway,2020-03-15,1181.0,1.0
Norway,2020-03-16,0.0,0.0
Norway,2020-03-17,0.0,0.0
Norway,2020-03-18,0.0,0.0
Norway,2020-03-19,0.0,0.0
Norway,2020-03-20,0.0,0.0
Norway,2020-03-21,0.0,0.0
Norway,2020-03-22,1390.0,6.0
Norway,2020-03-23,0.0,0.0
Norway,2020-03-24,0.0,0.0
Norway,2020-03-25,0.0,0.0
Norway,2020-03-26,0.0,0.0
Norway,2020-03-27,0.0,0.0
Norway,2020-03-28,0.0,0.0
Norway,2020-03-29,1775.0,13.0
Norway,2020-03-30,0.0,0.0
Norway,2020-03-31,0.0,0.0
Norway,2020-04-01,0.0,0.0
Norway,2020-04-02,0.0,0.0
Norway,2020-04-03,0.0,0.0
Norway,2020-04-04,0.0,0.0
Norway,2020-04-05,1226.0,30.0
Norway,2020-04-06,0.0,0.0
Norway,2020-04-07,0.0,0.0
Norway,2020-04-08,0.0,0.0
Norway,2020-04-09,0.0,0.0
Norway,2020-04-10,0.0,0.0
Norway,2020-04-11,0.0,0.0
Norway,2020-04-12,758.0,48.0
Norway,2020-04-13,0.0,0.0
Norway,2020-04-14,0.0,0.0
Norway,2020-04-15,0.0,0.0
Norway,2020-04-16,0.0,0.0
Norway,2020-04-17,0.0,0.0
Norway,2020-04-18,0.0,0.0
Norway,2020-04-19,616.0,50.0
Norway,2020-04-20,0.0,0.0
Norway,2020-04-21,0.0,0.0
Norway,2020-04-22,0.0,0.0
Norway,2020-04-23,0.0,0.0
Norway,2020-04-24,0.0,0.0
Norway,2020-04-25,0.0,0.0
Norway,2020-04-26,422.0,45.0
Norway,2020-04-27,0.0,0.0
Norway,2020-04-28,0.0,0.0
Norway,2020-04-29,0.0,0.0
Norway,2020-04-30,0.0,0.0
Norway,2020-05-01,0.0,0.0
Norway,2020-05-02,0.0,0.0
Norway,2020-05-03,302.0,11.0
Norway,2020-05-04,0.0,0.0
Norway,2020-05-05,0.0,0.0
Norway,2020-05-06,0.0,0.0
Norway,2020-05-07,0.0,0.0
Norway,2020-05-08,0.0,0.0
Norway,2020-05-09,0.0,0.0
Norway,2020-05-10,254.0,9.0
Norway,2020-05-11,0.0,0.0
Norway,2020-05-12,0.0,0.0
Norway,2020-05-13,0.0,0.0
Norway,2020-05-14,0.0,0.0
Norway,2020-05-15,0.0,0.0
Norway,2020-05-16,0.0,0.0
Norway,2020-05-17,135.0,19.0
Norway,2020-05-18,0.0,0.0
Norway,2020-05-19,0.0,0.0
Norway,2020-05-20,0.0,0.0
Norway,2020-05-21,0.0,0.0
Norway,2020-05-22,0.0,0.0
Norway,2020-05-23,0.0,0.0
Norway,2020-05-24,106.0,3.0
Norway,2020-05-25,0.0,0.0
Norway,2020-05-26,0.0,0.0
Norway,2020-05-27,0.0,0.0
Norway,2020-05-28,0.0,0.0
Norway,2020-05-29,0.0,0.0
Norway,2020-05-30,0.0,0.0
Norway,2020-05-31,86.0,1.0
Norway,2020-06-01,0.0,0.0
Norway,2020-06-02,0.0,0.0
Norway,2020-06-03,0.0,0.0
Norway,2020-06-04,0.0,0.0
Norway,2020-06-05,0.0,0.0
Norway,2020-06-06,0.0,0.0
Norway,2020-06-07,111.0,2.0
Norway,2020-06-08,0.0,0.0
Norway,2020-06-09,0.0,0.0
Norway,2020-06-10,0.0,0.0
Norway,2020-06-11,0.0,0.0
Norway,2020-06-12,0.0,0.0
Norway,2020-06-13,0.0,0.0
Norway,2020-06-14,86.0,4.0
Norway,2020-06-15,0.0,0.0
Norway,2020-06-16,0.0,0.0
Norway,2020-06-17,0.0,0.0
Norway,2020-06-18,0.0,0.0
Norway,2020-06-19,0.0,0.0
Norway,2020-06-20,0.0,0.0
Norway,2020-06-21,112.0,2.0
Norway,2020-06-22,0.0,0.0
Norway,2020-06-23,0.0,0.0
Norway,2020-06-24,0.0,0.0
Norway,2020-06-25,0.0,0.0
Norway,2020-06-26,0.0,0.0
Norway,2020-06-27,0.0,0.0
Norway,2020-06-28,115.0,5.0
Norway,2020-06-29,0.0,0.0
Norway,2020-06-30,0.0,0.0
Norway,2020-07-01,0.0,0.0
Norway,2020-07-02,0.0,0.0
Norway,2020-07-03,0.0,0.0
Norway,2020-07-04,0.0,0.0
Norway,2020-07-05,67.0,2.0
Norway,2020-07-06,0.0,0.0
Norway,2020-07-07,0.0,0.0
Norway,2020-07-08,0.0,0.0
Norway,2020-07-09,0.0,0.0
Norway,2020-07-10,0.0,0.0
Norway,2020-07-11,0.0,0.0
Norway,2020-07-12,61.0,1.0
Norway,2020-07-13,0.0,0.0
Norway,2020-07-14,0.0,0.0
Norway,2020-07-15,0.0,0.0
Norway,2020-07-16,0.0,0.0
Norway,2020-07-17,0.0,0.0
Norway,2020-07-18,0.0,0.0
Norway,2020-07-19,55.0,3.0
Norway,2020-07-20,0.0,0.0
Norway,2020-07-21,0.0,0.0
Norway,2020-07-22,0.0,0.0
Norway,2020-07-23,0.0,0.0
Norway,2020-07-24,0.0,0.0
Norway,2020-07-25,0.0,0.0
Norway,2020-07-26,88.0,0.0
Norway,2020-07-27,0.0,0.0
Norway,2020-07-28,0.0,0.0
Norway,2020-07-29,0.0,0.0
Norway,2020-07-30,0.0,0.0
Norway,2020-07-31,0.0,0.0
Norway,2020-08-01,0.0,0.0
Norway,2020-08-02,195.0,0.0
Norway,2020-08-03,0.0,0.0
Norway,2020-08-04,0.0,0.0
Norway,2020-08-05,0.0,0.0
Norway,2020-08-06,0.0,0.0
Norway,2020-08-07,0.0,0.0
Norway,2020-08-08,0.0,0.0
Norway,2020-08-09,351.0,1.0
Norway,2020-08-10,0.0,0.0
Norway,2020-08-11,0.0,0.0
Norway,2020-08-12,0.0,0.0
Norway,2020-08-13,0.0,0.0
Norway,2020-08-14,0.0,0.0
Norway,2020-08-15,0.0,0.0
Norway,2020-08-16,377.0,5.0
Norway,2020-08-17,0.0,0.0
Norway,2020-08-18,0.0,0.0
Norway,2020-08-19,0.0,0.0
Norway,2020-08-20,0.0,0.0
Norway,2020-08-21,0.0,0.0
Norway,2020-08-22,0.0,0.0
Norway,2020-08-23,368.0,3.0
Norway,2020-08-24,0.0,0.0
Norway,2020-08-25,0.0,0.0
Norway,2020-08-26,0.0,0.0
Norway,2020-08-27,0.0,0.0
Norway,2020-08-28,0.0,0.0
Norway,2020-08-29,0.0,0.0
Norway,2020-08-30,346.0,0.0
Norway,2020-08-31,0.0,0.0
Norway,2020-09-01,0.0,0.0
Norway,2020-09-02,0.0,0.0
Norway,2020-09-03,0.0,0.0
Norway,2020-09-04,0.0,0.0
Norway,2020-09-05,0.0,0.0
Norway,2020-09-06,731.0,0.0
Norway,2020-09-07,0.0,0.0
Norway,2020-09-08,0.0,0.0
Norway,2020-09-09,0.0,0.0
Norway,2020-09-10,0.0,0.0
Norway,2020-09-11,0.0,0.0
Norway,2020-09-12,0.0,0.0
Norway,2020-09-13,747.0,1.0
Norway,2020-09-14,0.0,0.0
Norway,2020-09-15,0.0,0.0
Norway,2020-09-16,0.0,0.0
Norway,2020-09-17,0.0,0.0
Norway,2020-09-18,0.0,0.0
Norway,2020-09-19,0.0,0.0
Norway,2020-09-20,721.0,2.0
Norway,2020-09-21,0.0,0.0
Norway,2020-09-22,0.0,0.0
Norway,2020-09-23,0.0,0.0
Norway,2020-09-24,0.0,0.0
Norway,2020-09-25,0.0,0.0
Norway,2020-09-26,0.0,0.0
Norway,2020-09-27,810.0,3.0
Norway,2020-09-28,0.0,0.0
Norway,2020-09-29,0.0,0.0
Norway,2020-09-30,0.0,0.0
Norway,2020-10-01,0.0,0.0
Norway,2020-10-02,0.0,0.0
Norway,2020-10-03,0.0,0.0
Norway,2020-10-04,783.0,5.0
Norway,2020-10-05,0.0,0.0
Norway,2020-10-06,0.0,0.0
Norway,2020-10-07,0.0,0.0
Norway,2020-10-08,0.0,0.0
Norway,2020-10-09,0.0,0.0
Norway,2020-10-10,0.0,0.0
Norway,2020-10-11,1069.0,0.0
Norway,2020-10-12,0.0,0.0
Norway,2020-10-13,0.0,0.0
Norway,2020-10-14,0.0,0.0
Norway,2020-10-15,0.0,0.0
Norway,2020-10-16,0.0,0.0
Norway,2020-10-17,0.0,0.0
Norway,2020-10-18,929.0,3.0
Norway,2020-10-19,0.0,0.0
Norway,2020-10-20,0.0,0.0
Norway,2020-10-21,0.0,0.0
Norway,2020-10-22,0.0,0.0
Norway,2020-10-23,0.0,0.0
Norway,2020-10-24,0.0,0.0
Norway,2020-10-25,1600.0,1.0
Norway,2020-10-26,0.0,0.0
Norway,2020-10-27,0.0,0.0
Norway,2020-10-28,0.0,0.0
Norway,2020-10-29,0.0,0.0
Norway,2020-10-30,0.0,0.0
Norway,2020-10-31,0.0,0.0
Norway,2020-11-01,3028.0,3.0
Norway,2020-11-02,0.0,0.0
Norway,2020-11-03,0.0,0.0
Norway,2020-11-04,0.0,0.0
Norway,2020-11-05,0.0,0.0
Norway,2020-11-06,0.0,0.0
Norway,2020-11-07,0.0,0.0
Norway,2020-11-08,3983.0,3.0
Norway,2020-11-09,0.0,0.0
Norway,2020-11-10,0.0,0.0
Norway,2020-11-11,0.0,0.0
Norway,2020-11-12,0.0,0.0
Norway,2020-11-13,0.0,0.0
Norway,2020-11-14,0.0,0.0
Norway,2020-11-15,4070.0,9.0
Norway,2020-11-16,0.0,0.0
Norway,2020-11-17,0.0,0.0
Norway,2020-11-18,0.0,0.0
Norway,2020-11-19,0.0,0.0
Norway,2020-11-20,0.0,0.0
Norway,2020-11-21,0.0,0.0
Norway,2020-11-22,3785.0,12.0
Norway,2020-11-23,0.0,0.0
Norway,2020-11-24,0.0,0.0
Norway,2020-11-25,0.0,0.0
Norway,2020-11-26,0.0,0.0
Norway,2020-11-27,0.0,0.0
Norway,2020-11-28,0.0,0.0
Norway,2020-11-29,2977.0,22.0
Norway,2020-11-30,0.0,0.0
Norway,2020-12-01,0.0,0.0
Norway,2020-12-02,0.0,0.0
Norway,2020-12-03,0.0,0.0
Norway,2020-12-04,0.0,0.0
Norway,2020-12-05,0.0,0.0
Norway,2020-12-06,2492.0,26.0
Norway,2020-12-07,0.0,0.0
Norway,2020-12-08,0.0,0.0
Norway,2020-12-09,0.0,0.0
Norway,2020-12-10,0.0,0.0
Norway,2020-12-11,0.0,0.0
Norway,2020-12-12,0.0,0.0
Norway,2020-12-13,2701.0,33.0
Norway,2020-12-14,0.0,0.0
Norway,2020-12-15,0.0,0.0
Norway,2020-12-16,0.0,0.0
Norway,2020-12-17,0.0,0.0
Norway,2020-12-18,0.0,0.0
Norway,2020-12-19,0.0,0.0
Norway,2020-12-20,2934.0,17.0
Norway,2020-12-21,0.0,0.0
Norway,2020-12-22,0.0,0.0
Norway,2020-12-23,0.0,0.0
Norway,2020-12-24,0.0,0.0
Norway,2020-12-25,0.0,0.0
Norway,2020-12-26,0.0,0.0
Norway,2020-12-27,3118.0,17.0
Norway,2020-12-28,0.0,0.0
Norway,2020-12-29,0.0,0.0
Norway,2020-12-30,0.0,0.0
Norway,2020-12-31,0.0,0.0
Norway,2021-01-01,0.0,0.0
Norway,2021-01-02,0.0,0.0
Norway,2021-01-03,3847.0,15.0
Norway,2021-01-04,0.0,0.0
Norway,2021-01-05,0.0,0.0
Norway,2021-01-06,0.0,0.0
Norway,2021-01-07,0.0,0.0
Norway,2021-01-08,0.0,0.0
Norway,2021-01-09,0.0,0.0
Norway,2021-01-10,4694.0,42.0
Norway,2021-01-11,0.0,0.0
Norway,2021-01-12,0.0,0.0
Norway,2021-01-13,0.0,0.0
Norway,2021-01-14,0.0,0.0
Norway,2021-01-15,0.0,0.0
Norway,2021-01-16,0.0,0.0
Norway,2021-01-17,3218.0,39.0
Norway,2021-01-18,0.0,0.0
Norway,2021-01-19,0.0,0.0
Norway,2021-01-20,0.0,0.0
Norway,2021-01-21,0.0,0.0
Norway,2021-01-22,0.0,0.0
Norway,2021-01-23,0.0,0.0
Norway,2021-01-24,2259.0,27.0
Norway,2021-01-25,0.0,0.0
Norway,2021-01-26,0.0,0.0
Norway,2021-01-27,0.0,0.0
Norway,2021-01-28,0.0,0.0
Norway,2021-01-29,0.0,0.0
Norway,2021-01-30,0.0,0.0
Norway,2021-01-31,1951.0,19.0
Norway,2021-02-01,0.0,0.0
Norway,2021-02-02,0.0,0.0
Norway,2021-02-03,0.0,0.0
Norway,2021-02-04,0.0,0.0
Norway,2021-02-05,0.0,0.0
Norway,2021-02-06,0.0,0.0
Norway,2021-02-07,1860.0,19.0
Norway,2021-02-08,0.0,0.0
Norway,2021-02-09,0.0,0.0
Norway,2021-02-10,0.0,0.0
Norway,2021-02-11,0.0,0.0
Norway,2021-02-12,0.0,0.0
Norway,2021-02-13,0.0,0.0
Norway,2021-02-14,1742.0,10.0
Norway,2021-02-15,0.0,0.0
Norway,2021-02-16,0.0,0.0
Norway,2021-02-17,0.0,0.0
Norway,2021-02-18,0.0,0.0
Norway,2021-02-19,0.0,0.0
Norway,2021-02-20,0.0,0.0
Norway,2021-02-21,1973.0,15.0
Norway,2021-02-22,0.0,0.0
Norway,2021-02-23,0.0,0.0
Norway,2021-02-24,0.0,0.0
Norway,2021-02-25,0.0,0.0
Norway,2021-02-26,0.0,0.0
Norway,2021-02-27,0.0,0.0
Norway,2021-02-28,2940.0,15.0
Norway,2021-03-01,0.0,0.0
Norway,2021-03-02,0.0,0.0
Norway,2021-03-03,0.0,0.0
Norway,2021-03-04,0.0,0.0
Norway,2021-03-05,0.0,0.0
Norway,2021-03-06,0.0,0.0
Norway,2021-03-07,4010.0,10.0
Norway,2021-03-08,0.0,0.0
Norway,2021-03-09,0.0,0.0
Norway,2021-03-10,0.0,0.0
Norway,2021-03-11,0.0,0.0
Norway,2021-03-12,0.0,0.0
Norway,2021-03-13,0.0,0.0
Norway,2021-03-14,5539.0,7.0
Norway,2021-03-15,0.0,0.0
Norway,2021-03-16,0.0,0.0
Norway,2021-03-17,0.0,0.0
Norway,2021-03-18,0.0,0.0
Norway,2021-03-19,0.0,0.0
Norway,2021-03-20,0.0,0.0
Norway,2021-03-21,6625.0,9.0
Norway,2021-03-22,0.0,0.0
Norway,2021-03-23,0.0,0.0
Norway,2021-03-24,0.0,0.0
Norway,2021-03-25,0.0,0.0
Norway,2021-03-26,0.0,0.0
Norway,2021-03-27,0.0,0.0
Norway,2021-03-28,6092.0,8.0
Norway,2021-03-29,0.0,0.0
Norway,2021-03-30,0.0,0.0
Norway,2021-03-31,0.0,0.0
Norway,2021-04-01,0.0,0.0
Norway,2021-04-02,0.0,0.0
Norway,2021-04-03,0.0,0.0
Norway,2021-04-04,4933.0,17.0
Norway,2021-04-05,0.0,0.0
Norway,2021-04-06,0.0,0.0
Norway,2021-04-07,0.0,0.0
Norway,2021-04-08,0.0,0.0
Norway,2021-04-09,0.0,0.0
Norway,2021-04-10,0.0,0.0
Norway,2021-04-11,5082.0,11.0
Norway,2021-04-12,0.0,0.0
Norway,2021-04-13,0.0,0.0
Norway,2021-04-14,0.0,0.0
Norway,2021-04-15,0.0,0.0
Norway,2021-04-16,0.0,0.0
Norway,2021-04-17,0.0,0.0
Norway,2021-04-18,3789.0,24.0
Norway,2021-04-19,0.0,0.0
Norway,2021-04-20,0.0,0.0
Norway,2021-04-21,0.0,0.0
Norway,2021-04-22,0.0,0.0
Norway,2021-04-23,0.0,0.0
Norway,2021-04-24,0.0,0.0
Norway,2021-04-25,3251.0,28.0
Norway,2021-04-26,0.0,0.0
Norway,2021-04-27,0.0,0.0
Norway,2021-04-28,0.0,0.0
Norway,2021-04-29,0.0,0.0
Norway,2021-04-30,0.0,0.0
Norway,2021-05-01,0.0,0.0
Norway,2021-05-02,2825.0,20.0
Norway,2021-05-03,0.0,0.0
Norway,2021-05-04,0.0,0.0
Norway,2021-05-05,0.0,0.0
Norway,2021-05-06,0.0,0.0
Norway,2021-05-07,0.0,0.0
Norway,2021-05-08,0.0,0.0
Norway,2021-05-09,3064.0,11.0
Norway,2021-05-10,0.0,0.0
Norway,2021-05-11,0.0,0.0
Norway,2021-05-12,0.0,0.0
Norway,2021-05-13,0.0,0.0
Norway,2021-05-14,0.0,0.0
Norway,2021-05-15,0.0,0.0
Norway,2021-05-16,2636.0,7.0
Norway,2021-05-17,0.0,0.0
Norway,2021-05-18,0.0,0.0
Norway,2021-05-19,0.0,0.0
Norway,2021-05-20,0.0,0.0
Norway,2021-05-21,0.0,0.0
Norway,2021-05-22,0.0,0.0
Norway,2021-05-23,3169.0,7.0
Norway,2021-05-24,0.0,0.0
Norway,2021-05-25,0.0,0.0
Norway,2021-05-26,0.0,0.0
Norway,2021-05-27,0.0,0.0
Norway,2021-05-28,0.0,0.0
Norway,2021-05-29,0.0,0.0
Norway,2021-05-30,2442.0,2.0
Norway,2021-05-31,0.0,0.0
Norway,2021-06-01,0.0,0.0
Norway,2021-06-02,0.0,0.0
Norway,2021-06-03,0.0,0.0
Norway,2021-06-04,0.0,0.0
Norway,2021-06-05,0.0,0.0
Norway,2021-06-06,1898.0,1.0
Norway,2021-06-07,0.0,0.0
Norway,2021-06-08,0.0,0.0
Norway,2021-06-09,0.0,0.0
Norway,2021-06-10,0.0,0.0
Norway,2021-06-11,0.0,0.0
Norway,2021-06-12,0.0,0.0
Norway,2021-06-13,1260.0,5.0
Norway,2021-06-14,0.0,0.0
Norway,2021-06-15,0.0,0.0
Norway,2021-06-16,0.0,0.0
Norway,2021-06-17,0.0,0.0
Norway,2021-06-18,0.0,0.0
Norway,2021-06-19,0.0,0.0
Norway,2021-06-20,1250.0,1.0
Norway,2021-06-21,0.0,0.0
Norway,2021-06-22,0.0,0.0
Norway,2021-06-23,0.0,0.0
Norway,2021-06-24,0.0,0.0
Norway,2021-06-25,0.0,0.0
Norway,2021-06-26,0.0,0.0
Norway,2021-06-27,1280.0,2.0
Norway,2021-06-28,0.0,0.0
Norway,2021-06-29,0.0,0.0
Norway,2021-06-30,0.0,0.0
Norway,2021-07-01,0.0,0.0
Norway,2021-07-02,0.0,0.0
Norway,2021-07-03,0.0,0.0
Norway,2021-07-04,1288.0,3.0
Norway,2021-07-05,0.0,0.0
Norway,2021-07-06,0.0,0.0
Norway,2021-07-07,0.0,0.0
Norway,2021-07-08,0.0,0.0
Norway,2021-07-09,0.0,0.0
Norway,2021-07-10,0.0,0.0
Norway,2021-07-11,1200.0,3.0
Norway,2021-07-12,0.0,0.0
Norway,2021-07-13,0.0,0.0
Norway,2021-07-14,0.0,0.0
Norway,2021-07-15,0.0,0.0
Norway,2021-07-16,0.0,0.0
Norway,2021-07-17,0.0,0.0
Norway,2021-07-18,1141.0,2.0
Norway,2021-07-19,0.0,0.0
Norway,2021-07-20,0.0,0.0
Norway,2021-07-21,0.0,0.0
Norway,2021-07-22,0.0,0.0
Norway,2021-07-23,0.0,0.0
Norway,2021-07-24,0.0,0.0
Norway,2021-07-25,1448.0,3.0
Norway,2021-07-26,0.0,0.0
Norway,2021-07-27,0.0,0.0
Norway,2021-07-28,0.0,0.0
Norway,2021-07-29,0.0,0.0
Norway,2021-07-30,0.0,0.0
Norway,2021-07-31,0.0,0.0
Norway,2021-08-01,2236.0,10.0
Norway,2021-08-02,0.0,0.0
Norway,2021-08-03,0.0,0.0
Norway,2021-08-04,0.0,0.0
Norway,2021-08-05,0.0,0.0
Norway,2021-08-06,0.0,0.0
Norway,2021-08-07,0.0,0.0
Norway,2021-08-08,2912.0,10.0
Norway,2021-08-09,0.0,0.0
Norway,2021-08-10,0.0,0.0
Norway,2021-08-11,0.0,0.0
Norway,2021-08-12,0.0,0.0
Norway,2021-08-13,0.0,0.0
Norway,2021-08-14,0.0,0.0
Norway,2021-08-15,3706.0,5.0
Norway,2021-08-16,0.0,0.0
Norway,2021-08-17,0.0,0.0
Norway,2021-08-18,0.0,0.0
Norway,2021-08-19,0.0,0.0
Norway,2021-08-20,0.0,0.0
Norway,2021-08-21,0.0,0.0
Norway,2021-08-22,4330.0,4.0
Norway,2021-08-23,0.0,0.0
Norway,2021-08-24,0.0,0.0
Norway,2021-08-25,0.0,0.0
Norway,2021-08-26,0.0,0.0
Norway,2021-08-27,0.0,0.0
Norway,2021-08-28,0.0,0.0
Norway,2021-08-29,8312.0,10.0
Norway,2021-08-30,0.0,0.0
Norway,2021-08-31,0.0,0.0
Norway,2021-09-01,0.0,0.0
Norway,2021-09-02,0.0,0.0
Norway,2021-09-03,0.0,0.0
Norway,2021-09-04,0.0,0.0
Norway,2021-09-05,10109.0,11.0
Norway,2021-09-06,0.0,0.0
Norway,2021-09-07,0.0,0.0
Norway,2021-09-08,0.0,0.0
Norway,2021-09-09,0.0,0.0
Norway,2021-09-10,0.0,0.0
Norway,2021-09-11,0.0,0.0
Norway,2021-09-12,8732.0,21.0
Norway,2021-09-13,0.0,0.0
Norway,2021-09-14,0.0,0.0
Norway,2021-09-15,0.0,0.0
Norway,2021-09-16,0.0,0.0
Norway,2021-09-17,0.0,0.0
Norway,2021-09-18,0.0,0.0
Norway,2021-09-19,6028.0,11.0
Norway,2021-09-20,0.0,0.0
Norway,2021-09-21,0.0,0.0
Norway,2021-09-22,0.0,0.0
Norway,2021-09-23,0.0,0.0
Norway,2021-09-24,0.0,0.0
Norway,2021-09-25,0.0,0.0
Norway,2021-09-26,4710.0,12.0
Norway,2021-09-27,0.0,0.0
Norway,2021-09-28,0.0,0.0
Norway,2021-09-29,0.0,0.0
Norway,2021-09-30,0.0,0.0
Norway,2021-10-01,0.0,0.0
Norway,2021-10-02,0.0,0.0
Norway,2021-10-03,3614.0,7.0
Norway,2021-10-04,0.0,0.0
Norway,2021-10-05,0.0,0.0
Norway,2021-10-06,0.0,0.0
Norway,2021-10-07,0.0,0.0
Norway,2021-10-08,0.0,0.0
Norway,2021-10-09,0.0,0.0
Norway,2021-10-10,3024.0,8.0
Norway,2021-10-11,0.0,0.0
Norway,2021-10-12,0.0,0.0
Norway,2021-10-13,0.0,0.0
Norway,2021-10-14,0.0,0.0
Norway,2021-10-15,0.0,0.0
Norway,2021-10-16,0.0,0.0
Norway,2021-10-17,2817.0,6.0
Norway,2021-10-18,0.0,0.0
Norway,2021-10-19,0.0,0.0
Norway,2021-10-20,0.0,0.0
Norway,2021-10-21,0.0,0.0
Norway,2021-10-22,0.0,0.0
Norway,2021-10-23,0.0,0.0
Norway,2021-10-24,4160.0,11.0
Norway,2021-10-25,0.0,0.0
Norway,2021-10-26,0.0,0.0
Norway,2021-10-27,0.0,0.0
Norway,2021-10-28,0.0,0.0
Norway,2021-10-29,0.0,0.0
Norway,2021-10-30,0.0,0.0
Norway,2021-10-31,6821.0,20.0
Norway,2021-11-01,0.0,0.0
Norway,2021-11-02,0.0,0.0
Norway,2021-11-03,0.0,0.0
Norway,2021-11-04,0.0,0.0
Norway,2021-11-05,0.0,0.0
Norway,2021-11-06,0.0,0.0
Norway,2021-11-07,9569.0,39.0
Norway,2021-11-08,0.0,0.0
Norway,2021-11-09,0.0,0.0
Norway,2021-11-10,0.0,0.0
Norway,2021-11-11,0.0,0.0
Norway,2021-11-12,0.0,0.0
Norway,2021-11-13,0.0,0.0
Norway,2021-11-14,11720.0,47.0
Norway,2021-11-15,0.0,0.0
Norway,2021-11-16,0.0,0.0
Norway,2021-11-17,0.0,0.0
Norway,2021-11-18,0.0,0.0
Norway,2021-11-19,0.0,0.0
Norway,2021-11-20,0.0,0.0
Norway,2021-11-21,14431.0,53.0
Norway,2021-11-22,0.0,0.0
Norway,2021-11-23,0.0,0.0
Norway,2021-11-24,0.0,0.0
Norway,2021-11-25,0.0,0.0
Norway,2021-11-26,0.0,0.0
Norway,2021-11-27,0.0,0.0
Norway,2021-11-28,17970.0,56.0
Norway,2021-11-29,0.0,0.0
Norway,2021-11-30,0.0,0.0
Norway,2021-12-01,0.0,0.0
Norway,2021-12-02,0.0,0.0
Norway,2021-12-03,0.0,0.0
Norway,2021-12-04,0.0,0.0
Norway,2021-12-05,25554.0,53.0
Norway,2021-12-06,0.0,0.0
Norway,2021-12-07,0.0,0.0
Norway,2021-12-08,0.0,0.0
Norway,2021-12-09,0.0,0.0
Norway,2021-12-10,0.0,0.0
Norway,2021-12-11,0.0,0.0
Norway,2021-12-12,33849.0,74.0
Norway,2021-12-13,0.0,0.0
Norway,2021-12-14,0.0,0.0
Norway,2021-12-15,0.0,0.0
Norway,2021-12-16,0.0,0.0
Norway,2021-12-17,0.0,0.0
Norway,2021-12-18,0.0,0.0
Norway,2021-12-19,31740.0,43.0
Norway,2021-12-20,0.0,0.0
Norway,2021-12-21,0.0,0.0
Norway,2021-12-22,0.0,0.0
Norway,2021-12-23,0.0,0.0
Norway,2021-12-24,0.0,0.0
Norway,2021-12-25,0.0,0.0
Norway,2021-12-26,22996.0,21.0
Norway,2021-12-27,0.0,0.0
Norway,2021-12-28,0.0,0.0
Norway,2021-12-29,0.0,0.0
Norway,2021-12-30,0.0,0.0
Norway,2021-12-31,0.0,0.0
Norway,2022-01-01,0.0,0.0
Norway,2022-01-02,25064.0,59.0
Norway,2022-01-03,0.0,0.0
Norway,2022-01-04,0.0,0.0
Norway,2022-01-05,0.0,0.0
Norway,2022-01-06,0.0,0.0
Norway,2022-01-07,0.0,0.0
Norway,2022-01-08,0.0,0.0
Norway,2022-01-09,45479.0,49.0
Norway,2022-01-10,0.0,0.0
Norway,2022-01-11,0.0,0.0
Norway,2022-01-12,0.0,0.0
Norway,2022-01-13,0.0,0.0
Norway,2022-01-14,0.0,0.0
Norway,2022-01-15,0.0,0.0
Norway,2022-01-16,69632.0,31.0
Norway,2022-01-17,0.0,0.0
Norway,2022-01-18,0.0,0.0
Norway,2022-01-19,0.0,0.0
Norway,2022-01-20,0.0,0.0
Norway,2022-01-21,0.0,0.0
Norway,2022-01-22,0.0,0.0
Norway,2022-01-23,115307.0,29.0
Norway,2022-01-24,0.0,0.0
Norway,2022-01-25,0.0,0.0
Norway,2022-01-26,0.0,0.0
Norway,2022-01-27,0.0,0.0
Norway,2022-01-28,0.0,0.0
Norway,2022-01-29,0.0,0.0
Norway,2022-01-30,136796.0,29.0
Norway,2022-01-31,0.0,0.0
Norway,2022-02-01,0.0,0.0
Norway,2022-02-02,0.0,0.0
Norway,2022-02-03,0.0,0.0
Norway,2022-02-04,0.0,0.0
Norway,2022-02-05,0.0,0.0
Norway,2022-02-06,129168.0,33.0
Norway,2022-02-07,0.0,0.0
Norway,2022-02-08,0.0,0.0
Norway,2022-02-09,0.0,0.0
Norway,2022-02-10,0.0,0.0
Norway,2022-02-11,0.0,0.0
Norway,2022-02-12,0.0,0.0
Norway,2022-02-13,141784.0,54.0
Norway,2022-02-14,0.0,0.0
Norway,2022-02-15,0.0,0.0
Norway,2022-02-16,0.0,0.0
Norway,2022-02-17,0.0,0.0
Norway,2022-02-18,0.0,0.0
Norway,2022-02-19,0.0,0.0
Norway,2022-02-20,101190.0,61.0
Norway,2022-02-21,0.0,0.0
Norway,2022-02-22,0.0,0.0
Norway,2022-02-23,0.0,0.0
Norway,2022-02-24,0.0,0.0
Norway,2022-02-25,0.0,0.0
Norway,2022-02-26,0.0,0.0
Norway,2022-02-27,102327.0,86.0
Norway,2022-02-28,0.0,0.0
Norway,2022-03-01,0.0,0.0
Norway,2022-03-02,0.0,0.0
Norway,2022-03-03,0.0,0.0
Norway,2022-03-04,0.0,0.0
Norway,2022-03-05,0.0,0.0
Norway,2022-03-06,68214.0,114.0
Norway,2022-03-07,0.0,0.0
Norway,2022-03-08,0.0,0.0
Norway,2022-03-09,0.0,0.0
Norway,2022-03-10,0.0,0.0
Norway,2022-03-11,0.0,0.0
Norway,2022-03-12,0.0,0.0
Norway,2022-03-13,43203.0,156.0
Norway,2022-03-14,0.0,0.0
Norway,2022-03-15,0.0,0.0
Norway,2022-03-16,0.0,0.0
Norway,2022-03-17,0.0,0.0
Norway,2022-03-18,0.0,0.0
Norway,2022-03-19,0.0,0.0
Norway,2022-03-20,27649.0,189.0
Norway,2022-03-21,0.0,0.0
Norway,2022-03-22,0.0,0.0
Norway,2022-03-23,0.0,0.0
Norway,2022-03-24,0.0,0.0
Norway,2022-03-25,0.0,0.0
Norway,2022-03-26,0.0,0.0
Norway,2022-03-27,18009.0,203.0
Norway,2022-03-28,0.0,0.0
Norway,2022-03-29,0.0,0.0
Norway,2022-03-30,0.0,0.0
Norway,2022-03-31,0.0,0.0
Norway,2022-04-01,0.0,0.0
Norway,2022-04-02,0.0,0.0
Norway,2022-04-03,10821.0,172.0
Norway,2022-04-04,0.0,0.0
Norway,2022-04-05,0.0,0.0
Norway,2022-04-06,0.0,0.0
Norway,2022-04-07,0.0,0.0
Norway,2022-04-08,0.0,0.0
Norway,2022-04-09,0.0,0.0
Norway,2022-04-10,7074.0,130.0
Norway,2022-04-11,0.0,0.0
Norway,2022-04-12,0.0,0.0
Norway,2022-04-13,0.0,0.0
Norway,2022-04-14,0.0,0.0
Norway,2022-04-15,0.0,0.0
Norway,2022-04-16,0.0,0.0
Norway,2022-04-17,3757.0,125.0
Norway,2022-04-18,0.0,0.0
Norway,2022-04-19,0.0,0.0
Norway,2022-04-20,0.0,0.0
Norway,2022-04-21,0.0,0.0
Norway,2022-04-22,0.0,0.0
Norway,2022-04-23,0.0,0.0
Norway,2022-04-24,3862.0,81.0
Norway,2022-04-25,0.0,0.0
Norway,2022-04-26,0.0,0.0
Norway,2022-04-27,0.0,0.0
Norway,2022-04-28,0.0,0.0
Norway,2022-04-29,0.0,0.0
Norway,2022-04-30,0.0,0.0
Norway,2022-05-01,2306.0,64.0
Norway,2022-05-02,0.0,0.0
Norway,2022-05-03,0.0,0.0
Norway,2022-05-04,0.0,0.0
Norway,2022-05-05,0.0,0.0
Norway,2022-05-06,0.0,0.0
Norway,2022-05-07,0.0,0.0
Norway,2022-05-08,1880.0,72.0
Norway,2022-05-09,0.0,0.0
Norway,2022-05-10,0.0,0.0
Norway,2022-05-11,0.0,0.0
Norway,2022-05-12,0.0,0.0
Norway,2022-05-13,0.0,0.0
Norway,2022-05-14,0.0,0.0
Norway,2022-05-15,1799.0,46.0
Norway,2022-05-16,0.0,0.0
Norway,2022-05-17,0.0,0.0
Norway,2022-05-18,0.0,0.0
Norway,2022-05-19,0.0,0.0
Norway,2022-05-20,0.0,0.0
Norway,2022-05-21,0.0,0.0
Norway,2022-05-22,1545.0,26.0
Norway,2022-05-23,0.0,0.0
Norway,2022-05-24,0.0,0.0
Norway,2022-05-25,0.0,0.0
Norway,2022-05-26,0.0,0.0
Norway,2022-05-27,0.0,0.0
Norway,2022-05-28,0.0,0.0
Norway,2022-05-29,1579.0,38.0
Norway,2022-05-30,0.0,0.0
Norway,2022-05-31,0.0,0.0
Norway,2022-06-01,0.0,0.0
Norway,2022-06-02,0.0,0.0
Norway,2022-06-03,0.0,0.0
Norway,2022-06-04,0.0,0.0
Norway,2022-06-05,1875.0,36.0
Norway,2022-06-06,0.0,0.0
Norway,2022-06-07,0.0,0.0
Norway,2022-06-08,0.0,0.0
Norway,2022-06-09,0.0,0.0
Norway,2022-06-10,0.0,0.0
Norway,2022-06-11,0.0,0.0
Norway,2022-06-12,2060.0,39.0
Norway,2022-06-13,0.0,0.0
Norway,2022-06-14,0.0,0.0
Norway,2022-06-15,0.0,0.0
Norway,2022-06-16,0.0,0.0
Norway,2022-06-17,0.0,0.0
Norway,2022-06-18,0.0,0.0
Norway,2022-06-19,3023.0,33.0
Norway,2022-06-20,0.0,0.0
Norway,2022-06-21,0.0,0.0
Norway,2022-06-22,0.0,0.0
Norway,2022-06-23,0.0,0.0
Norway,2022-06-24,0.0,0.0
Norway,2022-06-25,0.0,0.0
Norway,2022-06-26,4554.0,40.0
Norway,2022-06-27,0.0,0.0
Norway,2022-06-28,0.0,0.0
Norway,2022-06-29,0.0,0.0
Norway,2022-06-30,0.0,0.0
Norway,2022-07-01,0.0,0.0
Norway,2022-07-02,0.0,0.0
Norway,2022-07-03,3907.0,68.0
Norway,2022-07-04,0.0,0.0
Norway,2022-07-05,0.0,0.0
Norway,2022-07-06,0.0,0.0
Norway,2022-07-07,0.0,0.0
Norway,2022-07-08,0.0,0.0
Norway,2022-07-09,0.0,0.0
Norway,2022-07-10,2378.0,72.0
Norway,2022-07-11,0.0,0.0
Norway,2022-07-12,0.0,0.0
Norway,2022-07-13,0.0,0.0
Norway,2022-07-14,0.0,0.0
Norway,2022-07-15,0.0,0.0
Norway,2022-07-16,0.0,0.0
Norway,2022-07-17,1990.0,96.0
Norway,2022-07-18,0.0,0.0
Norway,2022-07-19,0.0,0.0
Norway,2022-07-20,0.0,0.0
Norway,2022-07-21,0.0,0.0
Norway,2022-07-22,0.0,0.0
Norway,2022-07-23,0.0,0.0
Norway,2022-07-24,1644.0,103.0
Norway,2022-07-25,0.0,0.0
Norway,2022-07-26,0.0,0.0
Norway,2022-07-27,0.0,0.0
Norway,2022-07-28,0.0,0.0
Norway,2022-07-29,0.0,0.0
Norway,2022-07-30,0.0,0.0
Norway,2022-07-31,1325.0,91.0
Norway,2022-08-01,0.0,0.0
Norway,2022-08-02,0.0,0.0
Norway,2022-08-03,0.0,0.0
Norway,2022-08-04,0.0,0.0
Norway,2022-08-05,0.0,0.0
Norway,2022-08-06,0.0,0.0
Norway,2022-08-07,1149.0,75.0
Norway,2022-08-08,0.0,0.0
Norway,2022-08-09,0.0,0.0
Norway,2022-08-10,0.0,0.0
Norway,2022-08-11,0.0,0.0
Norway,2022-08-12,0.0,0.0
Norway,2022-08-13,0.0,0.0
Norway,2022-08-14,1121.0,66.0
Norway,2022-08-15,0.0,0.0
Norway,2022-08-16,0.0,0.0
Norway,2022-08-17,0.0,0.0
Norway,2022-08-18,0.0,0.0
Norway,2022-08-19,0.0,0.0
Norway,2022-08-20,0.0,0.0
Norway,2022-08-21,865.0,57.0
Norway,2022-08-22,0.0,0.0
Norway,2022-08-23,0.0,0.0
Norway,2022-08-24,0.0,0.0
Norway,2022-08-25,0.0,0.0
Norway,2022-08-26,0.0,0.0
Norway,2022-08-27,0.0,0.0
Norway,2022-08-28,743.0,56.0
Norway,2022-08-29,0.0,0.0
Norway,2022-08-30,0.0,0.0
Norway,2022-08-31,0.0,0.0
Norway,2022-09-01,0.0,0.0
Norway,2022-09-02,0.0,0.0
Norway,2022-09-03,0.0,0.0
Norway,2022-09-04,672.0,33.0
Norway,2022-09-05,0.0,0.0
Norway,2022-09-06,0.0,0.0
Norway,2022-09-07,0.0,0.0
Norway,2022-09-08,0.0,0.0
Norway,2022-09-09,0.0,0.0
Norway,2022-09-10,0.0,0.0
Norway,2022-09-11,547.0,25.0
Norway,2022-09-12,0.0,0.0
Norway,2022-09-13,0.0,0.0
Norway,2022-09-14,0.0,0.0
Norway,2022-09-15,0.0,0.0
Norway,2022-09-16,0.0,0.0
Norway,2022-09-17,0.0,0.0
Norway,2022-09-18,511.0,40.0
Norway,2022-09-19,0.0,0.0
Norway,2022-09-20,0.0,0.0
Norway,2022-09-21,0.0,0.0
Norway,2022-09-22,0.0,0.0
Norway,2022-09-23,0.0,0.0
Norway,2022-09-24,0.0,0.0
Norway,2022-09-25,457.0,24.0
Norway,2022-09-26,0.0,0.0
Norway,2022-09-27,0.0,0.0
Norway,2022-09-28,0.0,0.0
Norway,2022-09-29,0.0,0.0
Norway,2022-09-30,0.0,0.0
Norway,2022-10-01,0.0,0.0
Norway,2022-10-02,500.0,28.0
Norway,2022-10-03,0.0,0.0
Norway,2022-10-04,0.0,0.0
Norway,2022-10-05,0.0,0.0
Norway,2022-10-06,0.0,0.0
Norway,2022-10-07,0.0,0.0
Norway,2022-10-08,0.0,0.0
Norway,2022-10-09,504.0,24.0
Norway,2022-10-10,0.0,0.0
Norway,2022-10-11,0.0,0.0
Norway,2022-10-12,0.0,0.0
Norway,2022-10-13,0.0,0.0
Norway,2022-10-14,0.0,0.0
Norway,2022-10-15,0.0,0.0
Norway,2022-10-16,500.0,31.0
Norway,2022-10-17,0.0,0.0
Norway,2022-10-18,0.0,0.0
Norway,2022-10-19,0.0,0.0
Norway,2022-10-20,0.0,0.0
Norway,2022-10-21,0.0,0.0
Norway,2022-10-22,0.0,0.0
Norway,2022-10-23,534.0,29.0
Norway,2022-10-24,0.0,0.0
Norway,2022-10-25,0.0,0.0
Norway,2022-10-26,0.0,0.0
Norway,2022-10-27,0.0,0.0
Norway,2022-10-28,0.0,0.0
Norway,2022-10-29,0.0,0.0
Norway,2022-10-30,785.0,25.0
Norway,2022-10-31,0.0,0.0
Norway,2022-11-01,0.0,0.0
Norway,2022-11-02,0.0,0.0
Norway,2022-11-03,0.0,0.0
Norway,2022-11-04,0.0,0.0
Norway,2022-11-05,0.0,0.0
Norway,2022-11-06,891.0,23.0
Norway,2022-11-07,0.0,0.0
Norway,2022-11-08,0.0,0.0
Norway,2022-11-09,0.0,0.0
Norway,2022-11-10,0.0,0.0
Norway,2022-11-11,0.0,0.0
Norway,2022-11-12,0.0,0.0
Norway,2022-11-13,912.0,52.0
Norway,2022-11-14,0.0,0.0
Norway,2022-11-15,0.0,0.0
Norway,2022-11-16,0.0,0.0
Norway,2022-11-17,0.0,0.0
Norway,2022-11-18,0.0,0.0
Norway,2022-11-19,0.0,0.0
Norway,2022-11-20,917.0,46.0
Norway,2022-11-21,0.0,0.0
Norway,2022-11-22,0.0,0.0
Norway,2022-11-23,0.0,0.0
Norway,2022-11-24,0.0,0.0
Norway,2022-11-25,0.0,0.0
Norway,2022-11-26,0.0,0.0
Norway,2022-11-27,1007.0,50.0
Norway,2022-11-28,0.0,0.0
Norway,2022-11-29,0.0,0.0
Norway,2022-11-30,0.0,0.0
Norway,2022-12-01,0.0,0.0
Norway,2022-12-02,0.0,0.0
Norway,2022-12-03,0.0,0.0
Norway,2022-12-04,1082.0,56.0
Norway,2022-12-05,0.0,0.0
Norway,2022-12-06,0.0,0.0
Norway,2022-12-07,0.0,0.0
Norway,2022-12-08,0.0,0.0
Norway,2022-12-09,0.0,0.0
Norway,2022-12-10,0.0,0.0
Norway,2022-12-11,1295.0,70.0
Norway,2022-12-12,0.0,0.0
Norway,2022-12-13,0.0,0.0
Norway,2022-12-14,0.0,0.0
Norway,2022-12-15,0.0,0.0
Norway,2022-12-16,0.0,0.0
Norway,2022-12-17,0.0,0.0
Norway,2022-12-18,1477.0,80.0
Norway,2022-12-19,0.0,0.0
Norway,2022-12-20,0.0,0.0
Norway,2022-12-21,0.0,0.0
Norway,2022-12-22,0.0,0.0
Norway,2022-12-23,0.0,0.0
Norway,2022-12-24,0.0,0.0
Norway,2022-12-25,1564.0,95.0
Norway,2022-12-26,0.0,0.0
Norway,2022-12-27,0.0,0.0
Norway,2022-12-28,0.0,0.0
Norway,2022-12-29,0.0,0.0
Norway,2022-12-30,0.0,0.0
Norway,2022-12-31,0.0,0.0
Norway,2023-01-01,1261.0,91.0
Norway,2023-01-02,0.0,0.0
Norway,2023-01-03,0.0,0.0
Norway,2023-01-04,0.0,0.0
Norway,2023-01-05,0.0,0.0
Norway,2023-01-06,0.0,0.0
Norway,2023-01-07,0.0,0.0
Norway,2023-01-08,1068.0,97.0
Norway,2023-01-09,0.0,0.0
Norway,2023-01-10,0.0,0.0
Norway,2023-01-11,0.0,0.0
Norway,2023-01-12,0.0,0.0
Norway,2023-01-13,0.0,0.0
Norway,2023-01-14,0.0,0.0
Norway,2023-01-15,660.0,111.0
Norway,2023-01-16,0.0,0.0
Norway,2023-01-17,0.0,0.0
Norway,2023-01-18,0.0,0.0
Norway,2023-01-19,0.0,0.0
Norway,2023-01-20,0.0,0.0
Norway,2023-01-21,0.0,0.0
Norway,2023-01-22,428.0,71.0
Norway,2023-01-23,0.0,0.0
Norway,2023-01-24,0.0,0.0
Norway,2023-01-25,0.0,0.0
Norway,2023-01-26,0.0,0.0
Norway,2023-01-27,0.0,0.0
Norway,2023-01-28,0.0,0.0
Norway,2023-01-29,343.0,47.0
Norway,2023-01-30,0.0,0.0
Norway,2023-01-31,0.0,0.0
Norway,2023-02-01,0.0,0.0
Norway,2023-02-02,0.0,0.0
Norway,2023-02-03,0.0,0.0
Norway,2023-02-04,0.0,0.0
Norway,2023-02-05,300.0,27.0
Norway,2023-02-06,0.0,0.0
Norway,2023-02-07,0.0,0.0
Norway,2023-02-08,0.0,0.0
Norway,2023-02-09,0.0,0.0
Norway,2023-02-10,0.0,0.0
Norway,2023-02-11,0.0,0.0
Norway,2023-02-12,288.0,14.0
Norway,2023-02-13,0.0,0.0
Norway,2023-02-14,0.0,0.0
Norway,2023-02-15,0.0,0.0
Norway,2023-02-16,0.0,0.0
Norway,2023-02-17,0.0,0.0
Norway,2023-02-18,0.0,0.0
Norway,2023-02-19,296.0,17.0
Norway,2023-02-20,0.0,0.0
Norway,2023-02-21,0.0,0.0
Norway,2023-02-22,0.0,0.0
Norway,2023-02-23,0.0,0.0
Norway,2023-02-24,0.0,0.0
Norway,2023-02-25,0.0,0.0
Norway,2023-02-26,286.0,18.0
Norway,2023-02-27,0.0,0.0
Norway,2023-02-28,0.0,0.0
Norway,2023-03-01,0.0,0.0
Norway,2023-03-02,0.0,0.0
Norway,2023-03-03,0.0,0.0
Norway,2023-03-04,0.0,0.0
Norway,2023-03-05,348.0,10.0
Norway,2023-03-06,0.0,0.0
Norway,2023-03-07,0.0,0.0
Norway,2023-03-08,0.0,0.0
Norway,2023-03-09,0.0,0.0
Norway,2023-03-10,0.0,0.0
Norway,2023-03-11,0.0,0.0
Norway,2023-03-12,358.0,17.0
Norway,2023-03-13,0.0,0.0
Norway,2023-03-14,0.0,0.0
Norway,2023-03-15,0.0,0.0
Norway,2023-03-16,0.0,0.0
Norway,2023-03-17,0.0,0.0
Norway,2023-03-18,0.0,0.0
Norway,2023-03-19,439.0,19.0
Norway,2023-03-20,0.0,0.0
Norway,2023-03-21,0.0,0.0
Norway,2023-03-22,0.0,0.0
Norway,2023-03-23,0.0,0.0
Norway,2023-03-24,0.0,0.0
Norway,2023-03-25,0.0,0.0
Norway,2023-03-26,531.0,21.0
Norway,2023-03-27,0.0,0.0
Norway,2023-03-28,0.0,0.0
Norway,2023-03-29,0.0,0.0
Norway,2023-03-30,0.0,0.0
Norway,2023-03-31,0.0,0.0
Norway,2023-04-01,0.0,0.0
Norway,2023-04-02,643.0,18.0
Norway,2023-04-03,0.0,0.0
Norway,2023-04-04,0.0,0.0
Norway,2023-04-05,0.0,0.0
Norway,2023-04-06,0.0,0.0
Norway,2023-04-07,0.0,0.0
Norway,2023-04-08,0.0,0.0
Norway,2023-04-09,504.0,25.0
Norway,2023-04-10,0.0,0.0
Norway,2023-04-11,0.0,0.0
Norway,2023-04-12,0.0,0.0
Norway,2023-04-13,0.0,0.0
Norway,2023-04-14,0.0,0.0
Norway,2023-04-15,0.0,0.0
Norway,2023-04-16,557.0,31.0
Norway,2023-04-17,0.0,0.0
Norway,2023-04-18,0.0,0.0
Norway,2023-04-19,0.0,0.0
Norway,2023-04-20,0.0,0.0
Norway,2023-04-21,0.0,0.0
Norway,2023-04-22,0.0,0.0
Norway,2023-04-23,477.0,28.0
Norway,2023-04-24,0.0,0.0
Norway,2023-04-25,0.0,0.0
Norway,2023-04-26,0.0,0.0
Norway,2023-04-27,0.0,0.0
Norway,2023-04-28,0.0,0.0
Norway,2023-04-29,0.0,0.0
Norway,2023-04-30,423.0,39.0
Norway,2023-05-01,0.0,0.0
Norway,2023-05-02,0.0,0.0
Norway,2023-05-03,0.0,0.0
Norway,2023-05-04,0.0,0.0
Norway,2023-05-05,0.0,0.0
Norway,2023-05-06,0.0,0.0
Norway,2023-05-07,398.0,32.0
Norway,2023-05-08,0.0,0.0
Norway,2023-05-09,0.0,0.0
Norway,2023-05-10,0.0,0.0
Norway,2023-05-11,0.0,0.0
Norway,2023-05-12,0.0,0.0
Norway,2023-05-13,0.0,0.0
Norway,2023-05-14,339.0,21.0
Norway,2023-05-15,0.0,0.0
Norway,2023-05-16,0.0,0.0
Norway,2023-05-17,0.0,0.0
Norway,2023-05-18,0.0,0.0
Norway,2023-05-19,0.0,0.0
Norway,2023-05-20,0.0,0.0
Norway,2023-05-21,255.0,16.0
Norway,2023-05-22,0.0,0.0
Norway,2023-05-23,0.0,0.0
Norway,2023-05-24,0.0,0.0
Norway,2023-05-25,0.0,0.0
Norway,2023-05-26,0.0,0.0
Norway,2023-05-27,0.0,0.0
Norway,2023-05-28,240.0,17.0
Norway,2023-05-29,0.0,0.0
Norway,2023-05-30,0.0,0.0
Norway,2023-05-31,0.0,0.0
Norway,2023-06-01,0.0,0.0
Norway,2023-06-02,0.0,0.0
Norway,2023-06-03,0.0,0.0
Norway,2023-06-04,173.0,13.0
Norway,2023-06-05,0.0,0.0
Norway,2023-06-06,0.0,0.0
Norway,2023-06-07,0.0,0.0
Norway,2023-06-08,0.0,0.0
Norway,2023-06-09,0.0,0.0
Norway,2023-06-10,0.0,0.0
Norway,2023-06-11,196.0,14.0
Norway,2023-06-12,0.0,0.0
Norway,2023-06-13,0.0,0.0
Norway,2023-06-14,0.0,0.0
Norway,2023-06-15,0.0,0.0
Norway,2023-06-16,0.0,0.0
Norway,2023-06-17,0.0,0.0
Norway,2023-06-18,159.0,7.0
Norway,2023-06-19,0.0,0.0
Norway,2023-06-20,0.0,0.0
Norway,2023-06-21,0.0,0.0
Norway,2023-06-22,0.0,0.0
Norway,2023-06-23,0.0,0.0
Norway,2023-06-24,0.0,0.0
Norway,2023-06-25,21.0,0.0
Norway,2023-06-26,0.0,0.0
Norway,2023-06-27,0.0,0.0
Norway,2023-06-28,0.0,0.0
Norway,2023-06-29,0.0,0.0
Norway,2023-06-30,0.0,0.0
Norway,2023-07-01,0.0,0.0
Norway,2023-07-02,184.0,6.0
Norway,2023-07-03,0.0,0.0
Norway,2023-07-04,0.0,0.0
Norway,2023-07-05,0.0,0.0
Norway,2023-07-06,0.0,0.0
Norway,2023-07-07,0.0,0.0
Norway,2023-07-08,0.0,0.0
Norway,2023-07-09,184.0,20.0
Norway,2023-07-10,0.0,0.0
Norway,2023-07-11,0.0,0.0
Norway,2023-07-12,0.0,0.0
Norway,2023-07-13,0.0,0.0
Norway,2023-07-14,0.0,0.0
Norway,2023-07-15,0.0,0.0
Norway,2023-07-16,92.0,8.0
Norway,2023-07-17,0.0,0.0
Norway,2023-07-18,0.0,0.0
Norway,2023-07-19,0.0,0.0
Norway,2023-07-20,0.0,0.0
Norway,2023-07-21,0.0,0.0
Norway,2023-07-22,0.0,0.0
Norway,2023-07-23,73.0,6.0
Norway,2023-07-24,0.0,0.0
Norway,2023-07-25,0.0,0.0
Norway,2023-07-26,0.0,0.0
Norway,2023-07-27,0.0,0.0
Norway,2023-07-28,0.0,0.0
Norway,2023-07-29,0.0,0.0
Norway,2023-07-30,119.0,5.0
Norway,2023-07-31,0.0,0.0
Norway,2023-08-01,0.0,0.0
Norway,2023-08-02,0.0,0.0
Norway,2023-08-03,0.0,0.0
Norway,2023-08-04,0.0,0.0
Norway,2023-08-05,0.0,0.0
Norway,2023-08-06,134.0,2.0
Norway,2023-08-07,0.0,0.0
Norway,2023-08-08,0.0,0.0
Norway,2023-08-09,0.0,0.0
Norway,2023-08-10,0.0,0.0
Norway,2023-08-11,0.0,0.0
Norway,2023-08-12,0.0,0.0
Norway,2023-08-13,182.0,7.0
Norway,2023-08-14,0.0,0.0
Norway,2023-08-15,0.0,0.0
Norway,2023-08-16,0.0,0.0
Norway,2023-08-17,0.0,0.0
Norway,2023-08-18,0.0,0.0
Norway,2023-08-19,0.0,0.0
Norway,2023-08-20,212.0,1.0
Norway,2023-08-21,0.0,0.0
Norway,2023-08-22,0.0,0.0
Norway,2023-08-23,0.0,0.0
Norway,2023-08-24,0.0,0.0
Norway,2023-08-25,0.0,0.0
Norway,2023-08-26,0.0,0.0
Norway,2023-08-27,263.0,5.0
Norway,2023-08-28,0.0,0.0
Norway,2023-08-29,0.0,0.0
Norway,2023-08-30,0.0,0.0
Norway,2023-08-31,0.0,0.0
Norway,2023-09-01,0.0,0.0
Norway,2023-09-02,0.0,0.0
Norway,2023-09-03,428.0,5.0
Norway,2023-09-04,0.0,0.0
Norway,2023-09-05,0.0,0.0
Norway,2023-09-06,0.0,0.0
Norway,2023-09-07,0.0,0.0
Norway,2023-09-08,0.0,0.0
Norway,2023-09-09,0.0,0.0
Norway,2023-09-10,459.0,10.0
Norway,2023-09-11,0.0,0.0
Norway,2023-09-12,0.0,0.0
Norway,2023-09-13,0.0,0.0
Norway,2023-09-14,0.0,0.0
Norway,2023-09-15,0.0,0.0
Norway,2023-09-16,0.0,0.0
Norway,2023-09-17,409.0,12.0
Norway,2023-09-18,0.0,0.0
Norway,2023-09-19,0.0,0.0
Norway,2023-09-20,0.0,0.0
Norway,2023-09-21,0.0,0.0
Norway,2023-09-22,0.0,0.0
Norway,2023-09-23,0.0,0.0
Norway,2023-09-24,438.0,19.0
Norway,2023-09-25,0.0,0.0
Norway,2023-09-26,0.0,0.0
Norway,2023-09-27,0.0,0.0
Norway,2023-09-28,0.0,0.0
Norway,2023-09-29,0.0,0.0
Norway,2023-09-30,0.0,0.0
Norway,2023-10-01,384.0,33.0
Norway,2023-10-02,0.0,0.0
Norway,2023-10-03,0.0,0.0
Norway,2023-10-04,0.0,0.0
Norway,2023-10-05,0.0,0.0
Norway,2023-10-06,0.0,0.0
Norway,2023-10-07,0.0,0.0
Norway,2023-10-08,383.0,27.0
Norway,2023-10-09,0.0,0.0
Norway,2023-10-10,0.0,0.0
Norway,2023-10-11,0.0,0.0
Norway,2023-10-12,0.0,0.0
Norway,2023-10-13,0.0,0.0
Norway,2023-10-14,0.0,0.0
Norway,2023-10-15,0.0,0.0
Norway,2023-10-16,0.0,0.0
Norway,2023-10-17,0.0,0.0
Norway,2023-10-18,0.0,0.0
Norway,2023-10-19,0.0,0.0
Norway,2023-10-20,0.0,0.0
Norway,2023-10-21,0.0,0.0
Norway,2023-10-22,0.0,0.0
Norway,2023-10-23,0.0,0.0
Norway,2023-10-24,0.0,0.0
Norway,2023-10-25,0.0,0.0
Norway,2023-10-26,0.0,0.0
Norway,2023-10-27,0.0,0.0
Norway,2023-10-28,0.0,0.0
Norway,2023-10-29,0.0,0.0
Norway,2023-10-30,0.0,0.0
Norway,2023-10-31,0.0,0.0
Norway,2023-11-01,0.0,0.0
Norway,2023-11-02,0.0,0.0
Norway,2023-11-03,0.0,0.0
Norway,2023-11-04,0.0,0.0
Norway,2023-11-05,1181.0,0.0
Norway,2023-11-06,0.0,0.0
Norway,2023-11-07,0.0,0.0
Norway,2023-11-08,0.0,0.0
Norway,2023-11-09,0.0,0.0
Norway,2023-11-10,0.0,0.0
Norway,2023-11-11,0.0,0.0
Norway,2023-11-12,1422.0,0.0
Norway,2023-11-13,0.0,0.0
Norway,2023-11-14,0.0,0.0
Norway,2023-11-15,0.0,0.0
Norway,2023-11-16,0.0,0.0
Norway,2023-11-17,0.0,0.0
Norway,2023-11-18,0.0,0.0
Norway,2023-11-19,1612.0,0.0
Norway,2023-11-20,0.0,0.0
Norway,2023-11-21,0.0,0.0
Norway,2023-11-22,0.0,0.0
Norway,2023-11-23,0.0,0.0
Norway,2023-11-24,0.0,0.0
Norway,2023-11-25,0.0,0.0
Norway,2023-11-26,1807.0,0.0
Norway,2023-11-27,0.0,0.0
Norway,2023-11-28,0.0,0.0
Norway,2023-11-29,0.0,0.0
Norway,2023-11-30,0.0,0.0
Norway,2023-12-01,0.0,0.0
Norway,2023-12-02,0.0,0.0
Norway,2023-12-03,1855.0,0.0
Norway,2023-12-04,0.0,0.0
Norway,2023-12-05,0.0,0.0
Norway,2023-12-06,0.0,0.0
Norway,2023-12-07,0.0,0.0
Norway,2023-12-08,0.0,0.0
Norway,2023-12-09,0.0,0.0
Norway,2023-12-10,1958.0,0.0
Norway,2023-12-11,0.0,0.0
Norway,2023-12-12,0.0,0.0
Norway,2023-12-13,0.0,0.0
Norway,2023-12-14,0.0,0.0
Norway,2023-12-15,0.0,0.0
Norway,2023-12-16,0.0,0.0
Norway,2023-12-17,2047.0,0.0
Norway,2023-12-18,0.0,0.0
Norway,2023-12-19,0.0,0.0
Norway,2023-12-20,0.0,0.0
Norway,2023-12-21,0.0,0.0
Norway,2023-12-22,0.0,0.0
Norway,2023-12-23,0.0,0.0
Norway,2023-12-24,1578.0,0.0
Norway,2023-12-25,0.0,0.0
Norway,2023-12-26,0.0,0.0
Norway,2023-12-27,0.0,0.0
Norway,2023-12-28,0.0,0.0
Norway,2023-12-29,0.0,0.0
Norway,2023-12-30,0.0,0.0
Norway,2023-12-31,1012.0,0.0
Norway,2024-01-01,0.0,0.0
Norway,2024-01-02,0.0,0.0
Norway,2024-01-03,0.0,0.0
Norway,2024-01-04,0.0,0.0
Norway,2024-01-05,0.0,0.0
Norway,2024-01-06,0.0,0.0
Norway,2024-01-07,903.0,0.0
Norway,2024-01-08,0.0,0.0
Norway,2024-01-09,0.0,0.0
Norway,2024-01-10,0.0,0.0
Norway,2024-01-11,0.0,0.0
Norway,2024-01-12,0.0,0.0
Norway,2024-01-13,0.0,0.0
Norway,2024-01-14,617.0,0.0
Norway,2024-01-15,0.0,0.0
Norway,2024-01-16,0.0,0.0
Norway,2024-01-17,0.0,0.0
Norway,2024-01-18,0.0,0.0
Norway,2024-01-19,0.0,0.0
Norway,2024-01-20,0.0,0.0
Norway,2024-01-21,404.0,0.0
Norway,2024-01-22,0.0,0.0
Norway,2024-01-23,0.0,0.0
Norway,2024-01-24,0.0,0.0
Norway,2024-01-25,0.0,0.0
Norway,2024-01-26,0.0,0.0
Norway,2024-01-27,0.0,0.0
Norway,2024-01-28,303.0,0.0
Norway,2024-01-29,0.0,0.0
Norway,2024-01-30,0.0,0.0
Norway,2024-01-31,0.0,0.0
Norway,2024-02-01,0.0,0.0
Norway,2024-02-02,0.0,0.0
Norway,2024-02-03,0.0,0.0
Norway,2024-02-04,239.0,0.0
Norway,2024-02-05,0.0,0.0
Norway,2024-02-06,0.0,0.0
Norway,2024-02-07,0.0,0.0
Norway,2024-02-08,0.0,0.0
Norway,2024-02-09,0.0,0.0
Norway,2024-02-10,0.0,0.0
Norway,2024-02-11,167.0,0.0
Norway,2024-02-12,0.0,0.0
Norway,2024-02-13,0.0,0.0
Norway,2024-02-14,0.0,0.0
Norway,2024-02-15,0.0,0.0
Norway,2024-02-16,0.0,0.0
Norway,2024-02-17,0.0,0.0
Norway,2024-02-18,145.0,0.0
Norway,2024-02-19,0.0,0.0
Norway,2024-02-20,0.0,0.0
Norway,2024-02-21,0.0,0.0
Norway,2024-02-22,0.0,0.0
Norway,2024-02-23,0.0,0.0
Norway,2024-02-24,0.0,0.0
Norway,2024-02-25,125.0,0.0
Norway,2024-02-26,0.0,0.0
Norway,2024-02-27,0.0,0.0
Norway,2024-02-28,0.0,0.0
Norway,2024-02-29,0.0,0.0
Norway,2024-03-01,0.0,0.0
Norway,2024-03-02,0.0,0.0
Norway,2024-03-03,103.0,0.0
Norway,2024-03-04,0.0,0.0
Norway,2024-03-05,0.0,0.0
Norway,2024-03-06,0.0,0.0
Norway,2024-03-07,0.0,0.0
Norway,2024-03-08,0.0,0.0
Norway,2024-03-09,0.0,0.0
Norway,2024-03-10,80.0,0.0
Norway,2024-03-11,0.0,0.0
Norway,2024-03-12,0.0,0.0
Norway,2024-03-13,0.0,0.0
Norway,2024-03-14,0.0,0.0
Norway,2024-03-15,0.0,0.0
Norway,2024-03-16,0.0,0.0
Norway,2024-03-17,81.0,0.0
Norway,2024-03-18,0.0,0.0
Norway,2024-03-19,0.0,0.0
Norway,2024-03-20,0.0,0.0
Norway,2024-03-21,0.0,0.0
Norway,2024-03-22,0.0,0.0
Norway,2024-03-23,0.0,0.0
Norway,2024-03-24,57.0,0.0
Norway,2024-03-25,0.0,0.0
Norway,2024-03-26,0.0,0.0
Norway,2024-03-27,0.0,0.0
Norway,2024-03-28,0.0,0.0
Norway,2024-03-29,0.0,0.0
Norway,2024-03-30,0.0,0.0
Norway,2024-03-31,42.0,0.0
Norway,2024-04-01,0.0,0.0
Norway,2024-04-02,0.0,0.0
Norway,2024-04-03,0.0,0.0
Norway,2024-04-04,0.0,0.0
Norway,2024-04-05,0.0,0.0
Norway,2024-04-06,0.0,0.0
Norway,2024-04-07,73.0,0.0
Norway,2024-04-08,0.0,0.0
Norway,2024-04-09,0.0,0.0
Norway,2024-04-10,0.0,0.0
Norway,2024-04-11,0.0,0.0
Norway,2024-04-12,0.0,0.0
Norway,2024-04-13,0.0,0.0
Norway,2024-04-14,64.0,0.0
Norway,2024-04-15,0.0,0.0
Norway,2024-04-16,0.0,0.0
Norway,2024-04-17,0.0,0.0
Norway,2024-04-18,0.0,0.0
Norway,2024-04-19,0.0,0.0
Norway,2024-04-20,0.0,0.0
Norway,2024-04-21,54.0,0.0
Norway,2024-04-22,0.0,0.0
Norway,2024-04-23,0.0,0.0
Norway,2024-04-24,0.0,0.0
Norway,2024-04-25,0.0,0.0
Norway,2024-04-26,0.0,0.0
Norway,2024-04-27,0.0,0.0
Norway,2024-04-28,94.0,0.0
Norway,2024-04-29,0.0,0.0
Norway,2024-04-30,0.0,0.0
Norway,2024-05-01,0.0,0.0
Norway,2024-05-02,0.0,0.0
Norway,2024-05-03,0.0,0.0
Norway,2024-05-04,0.0,0.0
Norway,2024-05-05,87.0,0.0
Norway,2024-05-06,0.0,0.0
Norway,2024-05-07,0.0,0.0
Norway,2024-05-08,0.0,0.0
Norway,2024-05-09,0.0,0.0
Norway,2024-05-10,0.0,0.0
Norway,2024-05-11,0.0,0.0
Norway,2024-05-12,107.0,0.0
Norway,2024-05-13,0.0,0.0
Norway,2024-05-14,0.0,0.0
Norway,2024-05-15,0.0,0.0
Norway,2024-05-16,0.0,0.0
Norway,2024-05-17,0.0,0.0
Norway,2024-05-18,0.0,0.0
Norway,2024-05-19,96.0,0.0
Norway,2024-05-20,0.0,0.0
Norway,2024-05-21,0.0,0.0
Norway,2024-05-22,0.0,0.0
Norway,2024-05-23,0.0,0.0
Norway,2024-05-24,0.0,0.0
Norway,2024-05-25,0.0,0.0
Norway,2024-05-26,127.0,0.0
Norway,2024-05-27,0.0,0.0
Norway,2024-05-28,0.0,0.0
Norway,2024-05-29,0.0,0.0
Norway,2024-05-30,0.0,0.0
Norway,2024-05-31,0.0,0.0
Norway,2024-06-01,0.0,0.0
Norway,2024-06-02,150.0,0.0
Norway,2024-06-03,0.0,0.0
Norway,2024-06-04,0.0,0.0
Norway,2024-06-05,0.0,0.0
Norway,2024-06-06,0.0,0.0
Norway,2024-06-07,0.0,0.0
Norway,2024-06-08,0.0,0.0
Norway,2024-06-09,183.0,0.0
Norway,2024-06-10,0.0,0.0
Norway,2024-06-11,0.0,0.0
Norway,2024-06-12,0.0,0.0
Norway,2024-06-13,0.0,0.0
Norway,2024-06-14,0.0,0.0
Norway,2024-06-15,0.0,0.0
Norway,2024-06-16,253.0,0.0
